/* Database Systems, Coronel/Morris */
/* Type of SQL : SQL Server */

CREATE TABLE EMPLOYEE(
EMP_ID INT,
EMP_FNAME VARCHAR(30),
EMP_LNAME VARCHAR(30),
EMP_BIRTH DATE,
EMP_REIGON VARCHAR(20), 
EMP_PHONE INT,
EMP_EMAIL VARCHAR(40),
JOB_ID INT,
PRIMARY KEY(EMP_ID)
);

CREATE TABLE JOB(
JOB_ID INT,
JOB_NAME VARCHAR(30),
JOB_RANK INT,
DEP_ID INT,
PRIMARY KEY(JOB_ID)
);

ALTER TABLE EMPLOYEE
	ADD FOREIGN KEY(JOB_ID) REFERENCES JOB ON UPDATE CASCADE ON DELETE CASCADE

CREATE TABLE JOB_HISTORY(
JOB_HISTORY_ID INT,
STARTS_DATE DATE,
TOP_TIME INT,
EMP_ID INT, 
JOB_ID INT,
PRIMARY KEY(JOB_HISTORY_ID),
FOREIGN KEY(EMP_ID) REFERENCES EMPLOYEE(EMP_ID) ON UPDATE CASCADE ON DELETE CASCADE,
FOREIGN KEY(JOB_ID) REFERENCES JOB ON UPDATE NO ACTION ON DELETE NO ACTION
);

CREATE TABLE DEPARTMENT(
DEP_ID INT,
DEP_NAME VARCHAR(20), 
LOCATION_ID INT
PRIMARY KEY(DEP_ID)
);

ALTER TABLE JOB
	ADD FOREIGN KEY(DEP_ID) REFERENCES DEPARTMENT ON UPDATE NO ACTION ON DELETE NO ACTION

CREATE TABLE LOCATIONS(
LOCATION_ID INT,
STREET_NAME VARCHAR(30),
POSTAL_CODE INT,
CITY VARCHAR(30),
COUNTRY VARCHAR(20),
PRIMARY KEY(LOCATION_ID)
);

ALTER TABLE DEPARTMENT
	ADD FOREIGN KEY(LOCATION_ID) REFERENCES LOCATIONS ON UPDATE CASCADE ON DELETE CASCADE

CREATE TABLE SALARY(
SALARY_ID INT,
MIN_SALARY MONEY,
SALARY_NUM MONEY,
SALARY_TIME DATE,
JOB_ID INT,
PRIMARY KEY(SALARY_ID),
FOREIGN KEY(JOB_ID) REFERENCES JOB ON UPDATE CASCADE ON DELETE CASCADE
);


CREATE TABLE EXP_DO(
EXP_DO_ID INT,
EXP_JOB_ID INT,
EMP_ID INT,
PRIMARY KEY(EXP_DO_ID),
FOREIGN KEY(EMP_ID) REFERENCES EMPLOYEE ON UPDATE NO ACTION ON DELETE NO ACTION
);

CREATE TABLE EXP_JOB(
EXP_JOB_ID INT,
EXP_JOB_COMPANY VARCHAR(30),
EXP_JOB_NAME VARCHAR(30),
EXP_JOB_DEP VARCHAR(20),
PRIMARY KEY(EXP_JOB_ID)
);

ALTER TABLE EXP_DO
	ADD FOREIGN KEY(EXP_JOB_ID) REFERENCES EXP_JOB ON UPDATE CASCADE ON DELETE CASCADE

CREATE TABLE EXP_SCHOOL(
EXP_SCHOOL_ID INT,
EMP_ID INT,
ELEMENTARY VARCHAR(30),
JUNIOR VARCHAR(30),
SENIOR VARCHAR(30),
COLLEGE VARCHAR(30),
GRADUATE_SCHOOL VARCHAR(30),
PRIMARY KEY(EXP_SCHOOL_ID),
FOREIGN KEY(EMP_ID) REFERENCES EMPLOYEE ON UPDATE CASCADE ON DELETE CASCADE
);

CREATE TABLE LIENSE(
LIENSE_ID INT,
LIENSE_NAME VARCHAR(30),
PRIMARY KEY(LIENSE_ID)
);

CREATE TABLE EXP_LIENSE(
EXP_LIENSE_ID INT,
EMP_ID INT,
LIENSE_ID INT,
PRIMARY KEY(EXP_LIENSE_ID),
FOREIGN KEY(LIENSE_ID) REFERENCES LIENSE ON UPDATE NO ACTION ON DELETE NO ACTION,
FOREIGN KEY(EMP_ID) REFERENCES EMPLOYEE ON UPDATE NO ACTION ON DELETE NO ACTION
);

CREATE TABLE ASSESSMENT(
ASSESS_ID INT,
EMP_ID INT,
ASSESS_TIME DATE,
ASSESS_SCORE INT,
ASSESS_COMMENTS VARCHAR(50),
PRIMARY KEY(ASSESS_ID),
FOREIGN KEY(EMP_ID) REFERENCES EMPLOYEE ON UPDATE CASCADE ON DELETE CASCADE
);


--LOCATIONS rows
INSERT INTO LOCATIONS VALUES(201,'中山北路二段50號',10419, '臺北市中山區', '台灣');
INSERT INTO LOCATIONS VALUES(202,'民生東路五段163-1號', 10573, '台北市松山區' , '台灣');
INSERT INTO LOCATIONS VALUES(203,'基隆路二段149號',11054,'台北市信義區', '台灣');
INSERT INTO LOCATIONS VALUES(204,'九和二街61號',32085,'桃園市中壢區', '台灣');
INSERT INTO LOCATIONS VALUES(205,'建中路168號',30070,'新竹市東區', '台灣');
INSERT INTO LOCATIONS VALUES(206,'明誠四路308號',50457,'高雄市鼓山區', '台灣');
INSERT INTO LOCATIONS VALUES(207,'林森路256號',97050,'花蓮縣花蓮市','台灣' );

--DEPARTMENT rows
INSERT INTO DEPARTMENT VALUES(101,'業務部',201);
INSERT INTO DEPARTMENT VALUES(102,'數位金融部',202);
INSERT INTO DEPARTMENT VALUES(103,'會計部',203);
INSERT INTO DEPARTMENT VALUES(104,'財務部',205);
INSERT INTO DEPARTMENT VALUES(105,'風險管理部',204);
INSERT INTO DEPARTMENT VALUES(106,'審查部',201);
INSERT INTO DEPARTMENT VALUES(107,'金融商品行銷部',205);
INSERT INTO DEPARTMENT VALUES(108,'法務暨法令遵循部',207);
INSERT INTO DEPARTMENT VALUES(109,'人力資源部',202);
INSERT INTO DEPARTMENT VALUES(110,'信託部',201);
INSERT INTO DEPARTMENT VALUES(111,'消費金融部',204);
INSERT INTO DEPARTMENT VALUES(112,'總經理辦公室',201);
INSERT INTO DEPARTMENT VALUES(113,'系統開發部',203);

--JOB rows 
INSERT INTO JOB VALUES(1,'資訊人員',4, 113);
INSERT INTO JOB VALUES(2,'銀行辦事員',2, 101);
INSERT INTO JOB VALUES(3,'客服人員',1, 101);
INSERT INTO JOB VALUES(4,'理財專員',4, 111);
INSERT INTO JOB VALUES(5,'外匯專業人員',5, 104);
INSERT INTO JOB VALUES(6,'徵授信人員',5, 110);
INSERT INTO JOB VALUES(7,'企業金融專員',6, 106);
INSERT INTO JOB VALUES(8,'企業金融專員',6, 106);
INSERT INTO JOB VALUES(9,'消費金融業務專員',6, 101);
INSERT INTO JOB VALUES(10,'法務人員',7, 108);
INSERT INTO JOB VALUES(11,'風險管理人員',5, 105);
INSERT INTO JOB VALUES(12,'風險管理人員',5, 105);
INSERT INTO JOB VALUES(13,'法務人員',7, 108);
INSERT INTO JOB VALUES(14,'金融商品企劃人員',6, 106);
INSERT INTO JOB VALUES(15,'消費金融業務專員',5, 101);

--EMPLOYEE rows
INSERT INTO EMPLOYEE VALUES (11011, '琇憐', '呂', '08/09/1963', '台灣', 0955688170, 'xm3vu4xu06@gmail.com', 1);
INSERT INTO EMPLOYEE VALUES (11012, '佳瓏', '林', '11/10/1965', '台灣', 0912125779, 'xup6ur8xj6@gmail.com', 2);
INSERT INTO EMPLOYEE VALUES (11013, '茵雯', '蔡', '02/03/1972', '台灣', 0938756432, 'h94upjp6@gmail.com', 3);
INSERT INTO EMPLOYEE VALUES (11014, '殷玖', '馬', '03/08/1960', '台灣', 0937663881, 'a83upur3@gmail.com', 4);
INSERT INTO EMPLOYEE VALUES (11015, '琦麥', '陳', '03/15/1978', '台灣', 0928927548, 'tp6fu69a4@gmail.com', 5);
INSERT INTO EMPLOYEE VALUES (11016, '矢忠', '陳', '05/17/1974', '台灣', 0953589673, 'tp6g3j5@gmail.com', 6);
INSERT INTO EMPLOYEE VALUES (11017, '忠憲', '吳', '12/26/1980', '台灣', 0988955122, 'j65jvu04@gmail.com', 7);
INSERT INTO EMPLOYEE VALUES (11018, '珊刪', '黃', '10/18/1982', '台灣', 0990483297, 'cj6g0g0@gmail.com', 8);
INSERT INTO EMPLOYEE VALUES (11019, '秀鑄', '洪', '07/06/1989', '台灣', 0908380438, 'cj6vu45j4@gmail.com', 9);
INSERT INTO EMPLOYEE VALUES (11020, '棨宸', '江', '01/01/1975', '台灣', 0975788568, 'rufu3tp6@gmail.com', 10);
INSERT INTO EMPLOYEE VALUES (11021, '佳乘', '李', '03/15/1988', '香港', 0984487987, 'xu3ru8tp6@gmail.com', 11);
INSERT INTO EMPLOYEE VALUES (11022, '明臻', '林', '05/01/1990', '馬來西亞', 0903543267, 'xup6au65p@gmail.com', 12);
INSERT INTO EMPLOYEE VALUES (11023, '川浦', '唐納德', '06/20/1973', '美國', 0955970188, 'w6s842k6tj0qj3@gmail.com', 13);
INSERT INTO EMPLOYEE VALUES (11024, '薇妮', '習', '09/28/1984', '中國', 0986493584, 'vu6jo6su6@gmail.com', 14);
INSERT INTO EMPLOYEE VALUES (11025, '祖喀泊', '馬克', '04/20/1995', '美國', 0920543098, 'a83dk4yj3dk41i6@gmail.com', 15);


--JOB_HISTORY rows
INSERT INTO JOB_HISTORY VALUES(401,'06/12/2011',0,11011, 1);
INSERT INTO JOB_HISTORY VALUES(402,'04/22/2019',2, 11012, 2);
INSERT INTO JOB_HISTORY VALUES(403,'03/03/2007',3, 11013, 3);
INSERT INTO JOB_HISTORY VALUES(404,'05/13/2014',3, 11014, 4);
INSERT INTO JOB_HISTORY VALUES(405,'04/21/2012',0, 11015, 5);
INSERT INTO JOB_HISTORY VALUES(406,'05/23/2011',0 , 11016, 6);
INSERT INTO JOB_HISTORY VALUES(407,'11/30/2013',1, 11017, 7);
INSERT INTO JOB_HISTORY VALUES(408,'10/12/2000',2, 11018, 8);
INSERT INTO JOB_HISTORY VALUES(409,'12/23/2015',1, 11019, 9);
INSERT INTO JOB_HISTORY VALUES(410,'05/04/2003',1, 11020, 10);
INSERT INTO JOB_HISTORY VALUES(411,'05/24/2004',3, 11021, 11);
INSERT INTO JOB_HISTORY VALUES(412,'06/15/2001',4, 11022, 12);
INSERT INTO JOB_HISTORY VALUES(413,'08/12/2015',2, 11023, 13);
INSERT INTO JOB_HISTORY VALUES(414,'08/16/2020',1, 11024, 14);
INSERT INTO JOB_HISTORY VALUES(415,'01/01/2003',3, 11025, 15);

--SALARY rows
INSERT INTO SALARY VALUES (1100101, $43000.00, $45000.00, '01/31/2022', 1);
INSERT INTO SALARY VALUES (1100102, $36000.00, $36000.00, '01/31/2022', 2);
INSERT INTO SALARY VALUES (1100103, $32000.00, $33000.00, '01/31/2022', 3);
INSERT INTO SALARY VALUES (1100104, $40000.00, $45000.00, '01/31/2022', 4);
INSERT INTO SALARY VALUES (1100105, $50000.00, $53000.00, '01/31/2022', 5);
INSERT INTO SALARY VALUES (1100106, $48000.00, $48000.00, '01/31/2022', 6);
INSERT INTO SALARY VALUES (1100107, $35000.00, $36000.00, '01/31/2022', 7);
INSERT INTO SALARY VALUES (1100108, $35000.00, $35000.00, '01/31/2022', 8);
INSERT INTO SALARY VALUES (1100109, $43000.00, $43000.00, '01/31/2022', 9);
INSERT INTO SALARY VALUES (1100110, $60000.00, $60000.00, '01/31/2022', 10);
INSERT INTO SALARY VALUES (1100111, $41000.00, $41000.00, '01/31/2022', 11);
INSERT INTO SALARY VALUES (1100112, $41000.00, $43000.00, '01/31/2022', 12);
INSERT INTO SALARY VALUES (1100113, $60000.00, $60000.00, '01/31/2022', 13);
INSERT INTO SALARY VALUES (1100114, $43000.00, $43000.00, '01/31/2022', 14);
INSERT INTO SALARY VALUES (1100115, $43000.00, $43000.00, '01/31/2022', 15);
INSERT INTO SALARY VALUES (1100301, $43000.00, $50000.00, '03/31/2022', 1);
INSERT INTO SALARY VALUES (1100302, $36000.00, $39000.00, '03/31/2022', 2);
INSERT INTO SALARY VALUES (1100303, $32000.00, $35000.00, '03/31/2022', 3);
INSERT INTO SALARY VALUES (1100304, $40000.00, $48000.00, '03/31/2022', 4);
INSERT INTO SALARY VALUES (1100305, $50000.00, $52000.00, '03/31/2022', 5);
INSERT INTO SALARY VALUES (1100306, $48000.00, $54000.00, '03/31/2022', 6);
INSERT INTO SALARY VALUES (1100307, $35000.00, $38000.00, '03/31/2022', 7);
INSERT INTO SALARY VALUES (1100308, $35000.00, $40000.00, '03/31/2022', 8);
INSERT INTO SALARY VALUES (1100309, $43000.00, $47000.00, '03/31/2022', 9);
INSERT INTO SALARY VALUES (1100310, $60000.00, $63000.00, '03/31/2022', 10);
INSERT INTO SALARY VALUES (1100311, $41000.00, $42000.00, '03/31/2022', 11);
INSERT INTO SALARY VALUES (1100312, $41000.00, $45000.00, '03/31/2022', 12);
INSERT INTO SALARY VALUES (1100313, $60000.00, $60000.00, '03/31/2022', 13);
INSERT INTO SALARY VALUES (1100314, $43000.00, $48000.00, '03/31/2022', 14);
INSERT INTO SALARY VALUES (1100315, $43000.00, $47000.00, '03/31/2022', 15);


--ASSESSMENT rows
INSERT INTO ASSESSMENT VALUES(1091201, 11011, '12/31/2021', 4, '工作態度良好，業績請繼續加油');
INSERT INTO ASSESSMENT VALUES(1091202, 11012, '12/31/2021', 5, '工作態度良好，工作成績也做得不錯，請繼續保持');
INSERT INTO ASSESSMENT VALUES(1091203, 11013, '12/31/2021', 3, '工作普普通通，請繼續加油');
INSERT INTO ASSESSMENT VALUES(1091204, 11014, '12/31/2021', 3, '工作普普通通，請繼續加油');
INSERT INTO ASSESSMENT VALUES(1091205, 11015, '12/31/2021', 2, '工作態度不佳，業績也做得不怎麼樣，情況危險');
INSERT INTO ASSESSMENT VALUES(1091206, 11016, '12/31/2021', 2, '工作態度不佳，業績也做得不怎麼樣，情況危險');
INSERT INTO ASSESSMENT VALUES(1091207, 11017, '12/31/2021', 2, '工作態度不佳，業績也做得不怎麼樣，情況危險');
INSERT INTO ASSESSMENT VALUES(1091208, 11018, '12/31/2021', 5, '工作態度良好，工作成績也做得不錯，請繼續保持');
INSERT INTO ASSESSMENT VALUES(1091209, 11019, '12/31/2021', 4, '工作態度良好，業績請繼續加油');
INSERT INTO ASSESSMENT VALUES(1091210, 11020, '12/31/2021', 4, '工作態度良好，業績請繼續加油');
INSERT INTO ASSESSMENT VALUES(1091211, 11021, '12/31/2021', 5, '工作態度良好，工作成績也做得不錯，請繼續保持');
INSERT INTO ASSESSMENT VALUES(1091212, 11022, '12/31/2021', 5, '工作態度良好，工作成績也做得不錯，請繼續保持');
INSERT INTO ASSESSMENT VALUES(1091213, 11023, '12/31/2021', 3, '工作普普通通，請繼續加油');
INSERT INTO ASSESSMENT VALUES(1091214, 11024, '12/31/2021', 2, '工作態度不佳，業績也做得不怎麼樣，情況危險');
INSERT INTO ASSESSMENT VALUES(1091215, 11025, '12/31/2021', 4, '工作態度良好，業績請繼續加油');
INSERT INTO ASSESSMENT VALUES(1100401, 11011, '4/30/2022', 5, '工作態度良好，工作成績也做得不錯，請繼續保持');
INSERT INTO ASSESSMENT VALUES(1100402, 11012, '4/30/2022', 5, '工作態度良好，工作成績也做得不錯，請繼續保持');
INSERT INTO ASSESSMENT VALUES(1100403, 11013, '4/30/2022', 2, '工作態度不佳，業績也做得不怎麼樣，情況危險');
INSERT INTO ASSESSMENT VALUES(1100404, 11014, '4/30/2022', 3, '工作普普通通，請繼續加油');
INSERT INTO ASSESSMENT VALUES(1100405, 11015, '4/30/2022', 2, '工作態度不佳，業績也做得不怎麼樣，情況危險');
INSERT INTO ASSESSMENT VALUES(1100406, 11016, '4/30/2022', 1, '工作態度不佳，業績未達成，重點關注對象');
INSERT INTO ASSESSMENT VALUES(1100407, 11017, '4/30/2022', 2, '工作態度不佳，業績也做得不怎麼樣，情況危險');
INSERT INTO ASSESSMENT VALUES(1100408, 11018, '4/30/2022', 5, '工作態度良好，工作成績也做得不錯，請繼續保持');
INSERT INTO ASSESSMENT VALUES(1100409, 11019, '4/30/2022', 4, '工作態度良好，業績請繼續加油');
INSERT INTO ASSESSMENT VALUES(1100410, 11020, '4/30/2022', 3, '工作普普通通，請繼續加油');
INSERT INTO ASSESSMENT VALUES(1100411, 11021, '4/30/2022', 4, '工作態度良好，業績請繼續加油');
INSERT INTO ASSESSMENT VALUES(1100412, 11022, '4/30/2022', 5, '工作態度良好，工作成績也做得不錯，請繼續保持');
INSERT INTO ASSESSMENT VALUES(1100413, 11023, '4/30/2022', 4, '工作態度良好，業績請繼續加油');
INSERT INTO ASSESSMENT VALUES(1100414, 11024, '4/30/2022', 3, '工作普普通通，請繼續加油');
INSERT INTO ASSESSMENT VALUES(1100415, 11025, '4/30/2022', 5, '工作態度良好，工作成績也做得不錯，請繼續保持');


--EXP_SCHOOL rows
INSERT INTO EXP_SCHOOL VALUES (101, 11011, '武功國小', '辛亥國中', '和平高中', '元智大學', '元智資管研究所');
INSERT INTO EXP_SCHOOL VALUES (102, 11012, '龍門國小', '龍門國中', '新店高中', '中央大學', '中央會計研究所');
INSERT INTO EXP_SCHOOL VALUES (103, 11013, '興仁國小', '金華國中', '萬芳高中', '中興大學', '中興財經研究所');
INSERT INTO EXP_SCHOOL VALUES (104, 11014, '興隆國小', '靜心國中', '東山高中', '輔仁大學', '東吳日文研究所');
INSERT INTO EXP_SCHOOL VALUES (105, 11015, '民族國小', '中山國中', '板橋高中', '中正大學', '中正機械研究所');
INSERT INTO EXP_SCHOOL VALUES (106, 11016, '三重國小', '三重國中', '新莊高中', '文化大學', NULL);
INSERT INTO EXP_SCHOOL VALUES (107, 11017, '石碇國小', '石碇國中', '華江高中', '銘傳大學', NULL);
INSERT INTO EXP_SCHOOL VALUES (108, 11018, '大直國小', '敦化國中', '景美高中', '師範大學', '中央企管研究所');
INSERT INTO EXP_SCHOOL VALUES (109, 11019, '武功國小', '北安國中', '育成高中', '高雄大學', '高雄會計研究所');
INSERT INTO EXP_SCHOOL VALUES (110, 11020, '敦化國小', '介壽國中', '成功高中', '成功大學', '成功法律研究所');
INSERT INTO EXP_SCHOOL VALUES (111, 11021, '長沙國小', '沙鹿國中', '成淵高中', '廈門大學', '清華會計研究所');
INSERT INTO EXP_SCHOOL VALUES (112, 11022, '五常國小', '時雨國中', '永春高中', '成功大學', '成功會計研究所');
INSERT INTO EXP_SCHOOL VALUES (113, 11023, '加州國小', '加州國中', '普林斯頓高中', '聖約翰大學', '哈佛會計研究所');
INSERT INTO EXP_SCHOOL VALUES (114, 11024, '河南國小', '四川國中', '成都高中', '清華大學', '清華會計研究所');
INSERT INTO EXP_SCHOOL VALUES (115, 11025, '哈爾濱國小', '華盛頓國中', '摩戴爾高中', '舊金山大學', '麻省理工會計研究所');

--EXP_JOB rows
INSERT INTO EXP_JOB VALUES (1001, '玉山銀行', '資訊人員', '系統開發部門');
INSERT INTO EXP_JOB VALUES (1002, '花旗銀行', '櫃台經辦人員', '業務部門');
INSERT INTO EXP_JOB VALUES (1003, '國泰世華', '理財專員', '消費金融部門');
INSERT INTO EXP_JOB VALUES (1004, '元大銀行', '風險管理人員', '風險管理部門');
INSERT INTO EXP_JOB VALUES (1005, '兆豐銀行', '外匯專業人員', '財務部門');
INSERT INTO EXP_JOB VALUES (1006, '匯豐銀行', '外匯業務員', '業務部門');
INSERT INTO EXP_JOB VALUES (1007, '第一銀行', '外匯業務員', '業務部門');
INSERT INTO EXP_JOB VALUES (1008, '彰化銀行', '外匯業務員', '業務部門');
INSERT INTO EXP_JOB VALUES (1009, '遠東銀行', '銀行辦事員', '業務部門');
INSERT INTO EXP_JOB VALUES (1010, '台灣銀行', '銀行辦事員', '業務部門');
INSERT INTO EXP_JOB VALUES (1011, '渣打銀行', '徵授信人員', '信託部門');
INSERT INTO EXP_JOB VALUES (1012, '遠傳電信', '法務人員', '法務暨法令遵循部門');
INSERT INTO EXP_JOB VALUES (1013, '合庫商銀', '法務人員', '法務暨法令遵循部門');
INSERT INTO EXP_JOB VALUES (1014, '台新銀行', '櫃台經辦員', '業務部門');
INSERT INTO EXP_JOB VALUES (1015, '中國信託', '企業金融人員', '審查部門');
INSERT INTO EXP_JOB VALUES (1016, '新光銀行', '企業金融人員', '審查部門');
INSERT INTO EXP_JOB VALUES (1017, '華南銀行', '企業金融人員', '審查部門');
INSERT INTO EXP_JOB VALUES (1018, '永豐銀行', '金融商品企劃人員', '審查部門');
INSERT INTO EXP_JOB VALUES (1019, '台北富邦', '消費金融業務專員', '業務部門');
INSERT INTO EXP_JOB VALUES (1020, '日盛銀行', '消費金融業務專員', '業務部門');


--EXP_DO rows
INSERT INTO EXP_DO VALUES (2021, 1001, 11011);
INSERT INTO EXP_DO VALUES (2022, 1002, 11011);
INSERT INTO EXP_DO VALUES (2023, 1003, 11012);
INSERT INTO EXP_DO VALUES (2024, 1004, 11013);
INSERT INTO EXP_DO VALUES (2025, 1005, 11015);
INSERT INTO EXP_DO VALUES (2026, 1006, 11015);
INSERT INTO EXP_DO VALUES (2027, 1007, 11015);
INSERT INTO EXP_DO VALUES (2028, 1008, 11015);
INSERT INTO EXP_DO VALUES (2029, 1009, 11018);
INSERT INTO EXP_DO VALUES (2030, 1010, 11018);
INSERT INTO EXP_DO VALUES (2031, 1011, 11019);
INSERT INTO EXP_DO VALUES (2032, 1012, 11020);
INSERT INTO EXP_DO VALUES (2033, 1013, 11020);
INSERT INTO EXP_DO VALUES (2034, 1014, 11021);
INSERT INTO EXP_DO VALUES (2035, 1015, 11022);
INSERT INTO EXP_DO VALUES (2036, 1016, 11022);
INSERT INTO EXP_DO VALUES (2037, 1017, 11022);
INSERT INTO EXP_DO VALUES (2038, 1018, 11024);
INSERT INTO EXP_DO VALUES (2039, 1019, 11025);
INSERT INTO EXP_DO VALUES (2040, 1020, 11025);

--LIENSE rows
INSERT INTO LIENSE VALUES('301','人身保險業務員');
INSERT INTO LIENSE VALUES('302','信託業業務員資格');
INSERT INTO LIENSE VALUES('303','投信投顧業務員資格');
INSERT INTO LIENSE VALUES('304','金融市場常識與職業道德');
INSERT INTO LIENSE VALUES('305','初階授信人員專業能力測驗');
INSERT INTO LIENSE VALUES('306','進階授信人員專業能力測驗');
INSERT INTO LIENSE VALUES('307','投信投顧業務員資格');
INSERT INTO LIENSE VALUES('308','衍生性金融商品銷售人員資格測驗');
INSERT INTO LIENSE VALUES('309','初階外匯人員專業能力測驗');
INSERT INTO LIENSE VALUES('310','投信投顧業務員資格');
INSERT INTO LIENSE VALUES('311','財產保險業務員');
INSERT INTO LIENSE VALUES('312','證券投資分析人員資格測驗');

--EXP_LIENSE rows
INSERT INTO EXP_LIENSE VALUES(21051,11011,302);
INSERT INTO EXP_LIENSE VALUES(21052,11011,305);
INSERT INTO EXP_LIENSE VALUES(21053,11012,306);
INSERT INTO EXP_LIENSE VALUES(21054,11013,301);
INSERT INTO EXP_LIENSE VALUES(21055,11013,303);
INSERT INTO EXP_LIENSE VALUES(21056,11013,312);
INSERT INTO EXP_LIENSE VALUES(21057,11015,308);
INSERT INTO EXP_LIENSE VALUES(21058,11016,302);
INSERT INTO EXP_LIENSE VALUES(21059,11016,307);
INSERT INTO EXP_LIENSE VALUES(21060,11017,301);
INSERT INTO EXP_LIENSE VALUES(21061,11018,301);
INSERT INTO EXP_LIENSE VALUES(21062,11018 ,308);
INSERT INTO EXP_LIENSE VALUES(21063, 11019, 310);
INSERT INTO EXP_LIENSE VALUES(21064,11020, 301);
INSERT INTO EXP_LIENSE VALUES(21065, 11020, 302);
INSERT INTO EXP_LIENSE VALUES(21066, 11020, 305);
INSERT INTO EXP_LIENSE VALUES(21067, 11021, 307);
INSERT INTO EXP_LIENSE VALUES(21068, 11021, 310);
INSERT INTO EXP_LIENSE VALUES(21069,11022, 303);
INSERT INTO EXP_LIENSE VALUES(21070, 11022, 308);
INSERT INTO EXP_LIENSE VALUES(21071, 11024, 302);
INSERT INTO EXP_LIENSE VALUES(21072, 11024, 309);
INSERT INTO EXP_LIENSE VALUES(21073,11025, 304);
INSERT INTO EXP_LIENSE VALUES(21074, 11025, 312);


--SELECT

--員工資訊
SELECT EMP_ID AS 員工ID, (EMP_LNAME + EMP_FNAME) AS 員工姓名, EMP_BIRTH AS 員工生日, EMP_REIGON AS 員工國籍, EMP_PHONE AS 員工電話, EMP_EMAIL AS 員工電子郵件 
FROM EMPLOYEE

--員工職位
SELECT EMPLOYEE.EMP_ID AS 員工ID, (EMPLOYEE.EMP_LNAME + EMPLOYEE.EMP_FNAME) AS 員工姓名, JOB.JOB_NAME AS 職位,DEPARTMENT.DEP_NAME AS 部門, JOB_HISTORY.STARTS_DATE AS 開始工作間
FROM EMPLOYEE INNER JOIN (JOB_HISTORY INNER JOIN(JOB INNER JOIN DEPARTMENT ON JOB.DEP_ID = DEPARTMENT.DEP_ID)
  ON JOB_HISTORY.JOB_ID = JOB.JOB_ID)
  ON EMPLOYEE.JOB_ID = JOB_HISTORY.JOB_ID
ORDER BY DEPARTMENT.DEP_NAME

--最高薪資
SELECT (EMP_LNAME + EMP_FNAME) AS 最高薪水員工, SALARY_NUM AS 最高薪資
FROM EMPLOYEE, SALARY
WHERE SALARY.SALARY_NUM = (SELECT MAX(SALARY_NUM) FROM SALARY) AND EMPLOYEE.JOB_ID = SALARY.JOB_ID
ORDER BY SALARY_NUM DESC

--優秀員工獎次數
SELECT (EMP_LNAME + EMP_FNAME) AS 員工姓名,TOP_TIME AS 優秀員工獎次數
FROM JOB_HISTORY, EMPLOYEE
WHERE EMPLOYEE.EMP_ID = JOB_HISTORY.EMP_ID
ORDER BY TOP_TIME DESC

--平均薪資
SELECT (EMP_LNAME + EMP_FNAME) AS 在1月31前平均薪資大於平均員工姓名, SALARY_NUM AS 薪資
FROM EMPLOYEE, SALARY
WHERE SALARY_NUM >= (SELECT AVG(SALARY_NUM) FROM SALARY WHERE SALARY_TIME <= '01/31/2022') AND SALARY.JOB_ID = EMPLOYEE.JOB_ID  AND SALARY.SALARY_TIME <= '01/31/2022'
ORDER BY SALARY_NUM DESC

--印出證照、職位，以及姓名，按員工ID排列
SELECT (EMP_LNAME + EMP_FNAME) AS 員工姓名,JOB_NAME AS 職位 ,LIENSE_NAME AS 執照
FROM EMPLOYEE INNER JOIN JOB ON EMPLOYEE.JOB_ID = JOB.JOB_ID INNER JOIN (EXP_LIENSE INNER JOIN LIENSE ON EXP_LIENSE.LIENSE_ID = LIENSE.LIENSE_ID)  ON EMPLOYEE.EMP_ID = EXP_LIENSE.EMP_ID
ORDER BY EMPLOYEE.EMP_ID


--沒唸研究所的人或有工作經歷
SELECT (EMP_LNAME + EMP_FNAME) AS 員工姓名, GRADUATE_SCHOOL AS 畢業研究所, JOB_NAME AS 職位
FROM (EMPLOYEE FULL JOIN EXP_DO ON EMPLOYEE.EMP_ID = EXP_DO.EMP_ID FULL JOIN EXP_SCHOOL ON EMPLOYEE.EMP_ID = EXP_SCHOOL.EMP_ID FULL JOIN JOB ON JOB.JOB_ID = EMPLOYEE.JOB_ID ) 
WHERE  EXP_SCHOOL.GRADUATE_SCHOOL IS NULL OR EMPLOYEE.EMP_ID =EXP_DO.EMP_ID
ORDER BY EXP_SCHOOL.GRADUATE_SCHOOL

--台北市中山區部門及員工
SELECT CITY, DEP_NAME , (EMP_LNAME + EMP_FNAME) AS 員工姓名
FROM EMPLOYEE INNER JOIN (JOB INNER JOIN (DEPARTMENT INNER JOIN LOCATIONS ON DEPARTMENT.LOCATION_ID = LOCATIONS.LOCATION_ID AND LOCATIONS.CITY = '臺北市中山區')ON JOB.DEP_ID = DEPARTMENT.DEP_ID)ON EMPLOYEE.JOB_ID = JOB.JOB_ID
ORDER BY DEPARTMENT.DEP_NAME

--印出考核低於3的員工、考核時間、考核回饋
SELECT (EMP_LNAME + EMP_FNAME) AS 員工姓名, ASSESSMENT.ASSESS_SCORE AS 考核分數, ASSESSMENT.ASSESS_TIME AS 考核公布時間, ASSESSMENT.ASSESS_COMMENTS AS 考核回饋
FROM EMPLOYEE, ASSESSMENT
WHERE EMPLOYEE.EMP_ID = ASSESSMENT.EMP_ID AND ASSESSMENT.ASSESS_SCORE <= 3


--部門名稱包含'金融'而且員工編號在11010到11020之間
SELECT EMP_ID AS 員工編號 ,(EMP_LNAME + EMP_FNAME) AS 員工姓名, JOB_NAME, MIN_SALARY
FROM JOB INNER JOIN EMPLOYEE ON JOB.JOB_ID = EMPLOYEE.JOB_ID INNER JOIN SALARY ON JOB.JOB_ID = SALARY.JOB_ID
WHERE JOB.JOB_NAME LIKE'%金融%' AND EMPLOYEE.EMP_ID BETWEEN 11010 AND 11020
